Region,schools,avg_strands,learners,pct_schools_one_strand,pct_learners_one_strand
CARAGA,485,1.97,108913,52.16,19.56
CAR,358,1.99,70585,44.97,16.16
BARMM,344,2.0,95311,39.24,22.5
PSO,20,2.15,2261,20.0,5.44
Region VIII,576,2.23,180954,35.59,14.34
Region XII,573,2.28,172126,30.89,9.12
Region VI,938,2.3,331315,33.05,9.67
Region VII,1168,2.35,339174,33.39,11.1
Region XI,628,2.36,214749,33.6,11.74
Region II,493,2.45,138308,28.8,8.66
Region X,650,2.46,192530,31.08,8.16
Region V,977,2.46,266326,31.01,13.28
Region I,810,2.46,207246,27.9,7.91
Region IX,515,2.48,151512,24.27,7.19
MIMAROPA,430,2.53,125067,26.28,9.25
Region IV-A,1431,2.88,586714,17.61,3.55
Region III,1274,3.01,455465,17.43,4.58
NCR,901,3.11,491520,17.43,3.85
